racedate,venue,race_no,pair,p12,stake_Q,Q_div,Q_ret,stake_QP,QP_offered,QP_div,QP_ret,total_stake,total_return,profit
2024/09/08,ST,1,8-11,1.87,50,330.0,1650.0,50,Y,107.0,535.0,100,2185.0,2085.0
2024/09/08,ST,2,11-13,1.923,300,,0.0,300,Y,,0.0,600,0.0,-600.0
2024/09/08,ST,3,6-8,1.886,50,,0.0,50,Y,,0.0,100,0.0,-100.0
2024/09/08,ST,4,4-10,1.908,100,,0.0,100,Y,189.5,1895.0,200,1895.0,1695.0
2024/09/08,ST,5,3-5,1.901,100,,0.0,100,Y,,0.0,200,0.0,-200.0
2024/09/08,ST,6,3-4,1.887,50,,0.0,50,Y,,0.0,100,0.0,-100.0
2024/09/08,ST,7,4-5,1.89,50,,0.0,50,Y,68.0,340.0,100,340.0,240.0
2024/09/08,ST,8,1-13,1.915,100,,0.0,100,Y,307.5,3075.0,200,3075.0,2875.0
2024/09/08,ST,10,5-9,1.903,100,,0.0,100,Y,43.0,430.0,200,430.0,230.0
2024/09/11,HV,1,2-9,1.91,100,,0.0,100,Y,,0.0,200,0.0,-200.0
2024/09/11,HV,2,3-6,1.857,50,299.0,1495.0,50,Y,95.5,477.5,100,1972.5,1872.5
2024/09/11,HV,4,2-6,1.887,50,,0.0,50,Y,,0.0,100,0.0,-100.0
2024/09/11,HV,5,3-6,1.871,50,1045.5,5227.5,50,Y,327.0,1635.0,100,6862.5,6762.5
2024/09/11,HV,6,1-10,1.898,50,,0.0,50,Y,138.5,692.5,100,692.5,592.5
2024/09/11,HV,7,4-11,1.893,50,,0.0,50,Y,53.0,265.0,100,265.0,165.0
2024/09/11,HV,8,4-5,1.871,50,,0.0,50,Y,,0.0,100,0.0,-100.0
2024/09/15,ST,1,1-8,1.895,50,,0.0,50,Y,,0.0,100,0.0,-100.0
2024/09/15,ST,2,1-9,1.894,50,,0.0,50,Y,,0.0,100,0.0,-100.0
2024/09/15,ST,3,1-5,1.922,300,,0.0,300,Y,,0.0,600,0.0,-600.0
2024/09/15,ST,4,2-3,1.871,50,,0.0,50,Y,182.0,910.0,100,910.0,810.0
2024/09/15,ST,5,6-12,1.875,50,3178.0,15890.0,50,Y,667.5,3337.5,100,19227.5,19127.5
2024/09/15,ST,6,3-5,1.879,50,,0.0,50,Y,,0.0,100,0.0,-100.0
2024/09/15,ST,7,4-11,1.916,100,,0.0,100,Y,,0.0,200,0.0,-200.0
2024/09/15,ST,9,5-6,1.88,50,,0.0,50,Y,115.0,575.0,100,575.0,475.0
2024/09/15,ST,10,9-12,1.9,50,,0.0,50,Y,,0.0,100,0.0,-100.0
2024/09/18,HV,1,3-6,1.893,50,,0.0,50,Y,,0.0,100,0.0,-100.0
2024/09/18,HV,2,3-9,1.888,50,,0.0,50,Y,122.0,610.0,100,610.0,510.0
2024/09/18,HV,3,1-9,1.904,100,,0.0,100,Y,67.5,675.0,200,675.0,475.0
2024/09/18,HV,5,2-5,1.866,50,153.5,767.5,50,Y,53.5,267.5,100,1035.0,935.0
2024/09/18,HV,6,2-5,1.91,100,388.5,3885.0,100,Y,126.0,1260.0,200,5145.0,4945.0
2024/09/18,HV,7,2-8,1.895,50,,0.0,50,Y,,0.0,100,0.0,-100.0
2024/09/18,HV,8,9-12,1.9,50,1316.5,6582.5,50,Y,372.0,1860.0,100,8442.5,8342.5
2024/09/22,ST,1,6-8,1.892,50,,0.0,50,Y,,0.0,100,0.0,-100.0
2024/09/22,ST,2,4-8,1.88,50,,0.0,50,Y,,0.0,100,0.0,-100.0
2024/09/22,ST,3,3-7,1.86,50,,0.0,50,Y,,0.0,100,0.0,-100.0
2024/09/22,ST,4,8-10,1.882,50,,0.0,50,Y,,0.0,100,0.0,-100.0
2024/09/22,ST,6,8-10,1.905,100,,0.0,100,Y,,0.0,200,0.0,-200.0
2024/09/22,ST,7,1-5,1.86,50,209.0,1045.0,50,Y,47.0,235.0,100,1280.0,1180.0
2024/09/22,ST,8,4-7,1.893,50,,0.0,50,Y,46.5,232.5,100,232.5,132.5
2024/09/22,ST,9,5-9,1.869,50,,0.0,50,Y,45.5,227.5,100,227.5,127.5
2024/09/22,ST,10,2-8,1.919,100,,0.0,100,Y,,0.0,200,0.0,-200.0
2024/09/25,HV,1,3-4,1.878,50,219.5,1097.5,50,Y,66.5,332.5,100,1430.0,1330.0
2024/09/25,HV,2,7-9,1.878,50,,0.0,50,Y,,0.0,100,0.0,-100.0
2024/09/25,HV,4,1-3,1.867,50,,0.0,50,Y,,0.0,100,0.0,-100.0
2024/09/25,HV,5,6-10,1.879,50,,0.0,50,Y,,0.0,100,0.0,-100.0
2024/09/25,HV,6,3-9,1.862,50,,0.0,50,Y,,0.0,100,0.0,-100.0
2024/09/25,HV,7,2-6,1.878,50,,0.0,50,Y,,0.0,100,0.0,-100.0
2024/09/28,ST,1,4-7,1.863,50,,0.0,50,Y,,0.0,100,0.0,-100.0
2024/09/28,ST,2,4-7,1.873,50,,0.0,50,Y,,0.0,100,0.0,-100.0
2024/09/28,ST,3,5-8,1.903,100,,0.0,100,Y,217.5,2175.0,200,2175.0,1975.0
2024/09/28,ST,5,2-9,1.899,50,,0.0,50,Y,,0.0,100,0.0,-100.0
2024/09/28,ST,6,2-7,1.878,50,,0.0,50,Y,,0.0,100,0.0,-100.0
2024/09/28,ST,7,2-6,1.859,50,,0.0,50,Y,,0.0,100,0.0,-100.0
2024/09/28,ST,8,1-5,1.919,100,,0.0,100,Y,304.0,3040.0,200,3040.0,2840.0
2024/09/28,ST,9,6-7,1.925,300,,0.0,300,Y,33.0,990.0,600,990.0,390.0
2024/09/28,ST,10,3-5,1.912,100,485.5,4855.0,100,Y,155.5,1555.0,200,6410.0,6210.0
2024/10/01,ST,1,2-3,1.912,100,,0.0,100,Y,,0.0,200,0.0,-200.0
2024/10/01,ST,2,2-6,1.898,50,,0.0,50,Y,,0.0,100,0.0,-100.0
2024/10/01,ST,3,2-9,1.913,100,,0.0,100,Y,68.5,685.0,200,685.0,485.0
2024/10/01,ST,4,9-11,1.898,50,,0.0,50,Y,280.5,1402.5,100,1402.5,1302.5
2024/10/01,ST,5,10-11,1.939,300,,0.0,300,Y,,0.0,600,0.0,-600.0
2024/10/01,ST,6,1-8,1.936,300,,0.0,300,Y,237.0,7110.0,600,7110.0,6510.0
2024/10/01,ST,7,6-7,1.898,50,,0.0,50,Y,,0.0,100,0.0,-100.0
2024/10/01,ST,8,8-9,1.877,50,,0.0,50,Y,,0.0,100,0.0,-100.0
2024/10/01,ST,9,4-9,1.926,300,,0.0,300,Y,,0.0,600,0.0,-600.0
2024/10/01,ST,10,6-11,1.896,50,,0.0,50,Y,,0.0,100,0.0,-100.0
2024/10/06,ST,2,1-5,1.888,50,,0.0,50,Y,,0.0,100,0.0,-100.0
2024/10/06,ST,3,2-7,1.903,100,,0.0,100,Y,,0.0,200,0.0,-200.0
2024/10/06,ST,5,1-8,1.864,50,,0.0,50,Y,333.5,1667.5,100,1667.5,1567.5
2024/10/06,ST,7,5-6,1.867,50,,0.0,50,Y,,0.0,100,0.0,-100.0
2024/10/06,ST,8,5-11,1.898,50,73.5,367.5,50,Y,30.5,152.5,100,520.0,420.0
2024/10/06,ST,9,5-11,1.891,50,,0.0,50,Y,,0.0,100,0.0,-100.0
2024/10/06,ST,10,1-2,1.859,50,,0.0,50,Y,,0.0,100,0.0,-100.0
2024/10/09,HV,1,2-7,1.866,50,,0.0,50,Y,50.5,252.5,100,252.5,152.5
2024/10/09,HV,2,2-5,1.905,100,,0.0,100,Y,,0.0,200,0.0,-200.0
2024/10/09,HV,3,4-7,1.913,100,416.5,4165.0,100,Y,150.0,1500.0,200,5665.0,5465.0
2024/10/09,HV,5,3-12,1.869,50,,0.0,50,Y,,0.0,100,0.0,-100.0
2024/10/09,HV,6,1-6,1.913,100,,0.0,100,Y,,0.0,200,0.0,-200.0
2024/10/09,HV,7,1-2,1.888,50,,0.0,50,Y,,0.0,100,0.0,-100.0
2024/10/09,HV,8,10-11,1.859,50,152.0,760.0,50,Y,58.0,290.0,100,1050.0,950.0
2024/10/13,ST,1,1-13,1.851,50,,0.0,50,Y,,0.0,100,0.0,-100.0
2024/10/13,ST,2,3-8,1.896,50,,0.0,50,Y,,0.0,100,0.0,-100.0
2024/10/13,ST,3,2-5,1.854,50,,0.0,50,Y,103.0,515.0,100,515.0,415.0
2024/10/13,ST,4,2-3,1.923,300,,0.0,300,Y,391.0,11730.0,600,11730.0,11130.0
2024/10/13,ST,6,6-11,1.861,50,,0.0,50,Y,,0.0,100,0.0,-100.0
2024/10/13,ST,7,1-5,1.893,50,,0.0,50,Y,,0.0,100,0.0,-100.0
2024/10/13,ST,8,3-7,1.875,50,,0.0,50,Y,,0.0,100,0.0,-100.0
2024/10/13,ST,9,2-4,1.863,50,,0.0,50,Y,,0.0,100,0.0,-100.0
2024/10/16,HV,1,2-9,1.881,50,,0.0,50,Y,,0.0,100,0.0,-100.0
2024/10/16,HV,2,7-9,1.861,50,499.5,2497.5,50,Y,148.5,742.5,100,3240.0,3140.0
2024/10/16,HV,3,4-10,1.886,50,,0.0,50,Y,,0.0,100,0.0,-100.0
2024/10/16,HV,4,5-9,1.86,50,,0.0,50,Y,,0.0,100,0.0,-100.0
2024/10/16,HV,5,1-11,1.856,50,,0.0,50,Y,,0.0,100,0.0,-100.0
2024/10/16,HV,8,4-7,1.887,50,,0.0,50,Y,,0.0,100,0.0,-100.0
2024/10/20,ST,1,6-8,1.896,50,,0.0,50,Y,,0.0,100,0.0,-100.0
2024/10/20,ST,3,2-11,1.883,50,,0.0,50,Y,,0.0,100,0.0,-100.0
2024/10/20,ST,5,6-8,1.871,50,,0.0,50,Y,,0.0,100,0.0,-100.0
2024/10/20,ST,6,1-5,1.866,50,,0.0,50,Y,66.5,332.5,100,332.5,232.5
2024/10/20,ST,7,1-2,1.935,300,,0.0,300,Y,19.5,585.0,600,585.0,-15.0
2024/10/20,ST,8,2-13,1.924,300,,0.0,300,Y,34.0,1020.0,600,1020.0,420.0
2024/10/20,ST,9,6-11,1.871,50,,0.0,50,Y,,0.0,100,0.0,-100.0
2024/10/20,ST,10,11-14,1.865,50,,0.0,50,Y,,0.0,100,0.0,-100.0
2024/10/23,ST,2,6-10,1.856,50,,0.0,50,Y,1094.0,5470.0,100,5470.0,5370.0
2024/10/23,ST,3,6-8,1.868,50,,0.0,50,Y,,0.0,100,0.0,-100.0
2024/10/23,ST,4,2-3,1.87,50,,0.0,50,Y,,0.0,100,0.0,-100.0
2024/10/23,ST,5,2-12,1.888,50,,0.0,50,Y,,0.0,100,0.0,-100.0
2024/10/23,ST,6,1-9,1.865,50,345.0,1725.0,50,Y,119.5,597.5,100,2322.5,2222.5
2024/10/23,ST,7,2-3,1.88,50,,0.0,50,Y,152.0,760.0,100,760.0,660.0
2024/10/27,HV,1,7-9,1.892,50,,0.0,50,Y,,0.0,100,0.0,-100.0
2024/10/27,HV,2,6-9,1.901,100,,0.0,100,Y,48.5,485.0,200,485.0,285.0
2024/10/27,HV,3,4-12,1.862,50,,0.0,50,Y,712.0,3560.0,100,3560.0,3460.0
2024/10/27,HV,4,10-12,1.899,50,,0.0,50,Y,,0.0,100,0.0,-100.0
2024/10/27,HV,5,8-12,1.862,50,,0.0,50,Y,,0.0,100,0.0,-100.0
2024/10/27,HV,6,2-7,1.872,50,,0.0,50,Y,,0.0,100,0.0,-100.0
2024/10/27,HV,10,1-7,1.88,50,,0.0,50,Y,67.5,337.5,100,337.5,237.5
2024/10/30,HV,1,11-12,1.858,50,,0.0,50,Y,,0.0,100,0.0,-100.0
2024/10/30,HV,3,3-8,1.893,50,103.0,515.0,50,Y,40.5,202.5,100,717.5,617.5
2024/10/30,HV,6,2-8,1.855,50,,0.0,50,Y,,0.0,100,0.0,-100.0
2024/10/30,HV,7,2-10,1.867,50,,0.0,50,Y,,0.0,100,0.0,-100.0
2024/10/30,HV,8,3-9,1.92,100,,0.0,100,Y,29.0,290.0,200,290.0,90.0
2024/11/03,ST,1,1-9,1.895,50,,0.0,50,Y,,0.0,100,0.0,-100.0
2024/11/03,ST,2,6-8,1.868,50,,0.0,50,Y,,0.0,100,0.0,-100.0
2024/11/03,ST,3,4-13,1.912,100,,0.0,100,Y,,0.0,200,0.0,-200.0
2024/11/03,ST,5,5-11,1.893,50,,0.0,50,Y,,0.0,100,0.0,-100.0
2024/11/03,ST,6,8-14,1.862,50,,0.0,50,Y,,0.0,100,0.0,-100.0
2024/11/03,ST,7,2-4,1.885,50,,0.0,50,Y,,0.0,100,0.0,-100.0
2024/11/03,ST,8,1-5,1.917,100,,0.0,100,Y,,0.0,200,0.0,-200.0
2024/11/03,ST,9,5-8,1.902,100,,0.0,100,Y,,0.0,200,0.0,-200.0
2024/11/03,ST,10,10-14,1.878,50,259.0,1295.0,50,Y,90.5,452.5,100,1747.5,1647.5
2024/11/06,HV,1,4-12,1.875,50,,0.0,50,Y,,0.0,100,0.0,-100.0
2024/11/06,HV,2,4-11,1.853,50,,0.0,50,Y,,0.0,100,0.0,-100.0
2024/11/06,HV,3,3-10,1.858,50,,0.0,50,Y,,0.0,100,0.0,-100.0
2024/11/06,HV,5,5-7,1.864,50,,0.0,50,Y,,0.0,100,0.0,-100.0
2024/11/06,HV,7,5-11,1.853,50,232.5,1162.5,50,Y,77.0,385.0,100,1547.5,1447.5
2024/11/06,HV,8,1-6,1.907,100,,0.0,100,Y,,0.0,200,0.0,-200.0
2024/11/06,HV,9,2-7,1.884,50,,0.0,50,Y,155.5,777.5,100,777.5,677.5
2024/11/09,ST,3,2-4,1.886,50,,0.0,50,Y,,0.0,100,0.0,-100.0
2024/11/09,ST,4,1-9,1.899,50,,0.0,50,Y,54.5,272.5,100,272.5,172.5
2024/11/09,ST,5,3-5,1.917,100,,0.0,100,Y,,0.0,200,0.0,-200.0
2024/11/09,ST,6,7-9,1.872,50,,0.0,50,Y,,0.0,100,0.0,-100.0
2024/11/09,ST,7,2-8,1.929,300,,0.0,300,Y,153.0,4590.0,600,4590.0,3990.0
2024/11/09,ST,8,3-7,1.918,100,,0.0,100,Y,91.5,915.0,200,915.0,715.0
2024/11/09,ST,9,6-12,1.891,50,,0.0,50,Y,,0.0,100,0.0,-100.0
2024/11/09,ST,10,3-5,1.881,50,,0.0,50,Y,,0.0,100,0.0,-100.0
2024/11/13,HV,2,2-11,1.887,50,,0.0,50,Y,101.0,505.0,100,505.0,405.0
2024/11/13,HV,5,1-7,1.899,50,,0.0,50,Y,71.5,357.5,100,357.5,257.5
2024/11/13,HV,6,7-11,1.866,50,,0.0,50,Y,47.0,235.0,100,235.0,135.0
2024/11/17,ST,1,2-3,1.902,100,2364.5,23645.0,100,Y,491.5,4915.0,200,28560.0,28360.0
2024/11/17,ST,2,10-11,1.912,100,,0.0,100,Y,,0.0,200,0.0,-200.0
2024/11/17,ST,4,7-10,1.868,50,,0.0,50,Y,,0.0,100,0.0,-100.0
2024/11/17,ST,5,4-10,1.882,50,,0.0,50,Y,,0.0,100,0.0,-100.0
2024/11/17,ST,6,2-6,1.882,50,,0.0,50,Y,,0.0,100,0.0,-100.0
2024/11/17,ST,7,7-9,1.893,50,,0.0,50,Y,144.5,722.5,100,722.5,622.5
2024/11/17,ST,8,1-9,1.903,100,247.0,2470.0,100,Y,54.0,540.0,200,3010.0,2810.0
2024/11/17,ST,9,2-10,1.867,50,,0.0,50,Y,,0.0,100,0.0,-100.0
2024/11/17,ST,11,11-13,1.914,100,,0.0,100,Y,,0.0,200,0.0,-200.0
2024/11/20,HV,1,4-6,1.851,50,,0.0,50,Y,,0.0,100,0.0,-100.0
2024/11/20,HV,2,3-11,1.893,50,,0.0,50,Y,,0.0,100,0.0,-100.0
2024/11/20,HV,4,1-11,1.893,50,,0.0,50,Y,96.5,482.5,100,482.5,382.5
2024/11/20,HV,5,4-10,1.851,50,,0.0,50,Y,,0.0,100,0.0,-100.0
2024/11/20,HV,7,4-6,1.887,50,,0.0,50,Y,295.0,1475.0,100,1475.0,1375.0
2024/11/20,HV,8,2-10,1.883,50,,0.0,50,Y,,0.0,100,0.0,-100.0
2024/11/20,HV,9,3-6,1.851,50,,0.0,50,Y,77.5,387.5,100,387.5,287.5
2024/11/24,ST,5,7-12,1.863,50,,0.0,50,Y,,0.0,100,0.0,-100.0
2024/11/24,ST,6,6-7,1.888,50,,0.0,50,Y,304.5,1522.5,100,1522.5,1422.5
2024/11/24,ST,7,2-12,1.913,100,,0.0,100,Y,,0.0,200,0.0,-200.0
2024/11/24,ST,8,9-13,1.859,50,,0.0,50,Y,,0.0,100,0.0,-100.0
2024/11/24,ST,9,1-7,1.881,50,,0.0,50,Y,,0.0,100,0.0,-100.0
2024/11/27,HV,1,9-11,1.888,50,,0.0,50,Y,,0.0,100,0.0,-100.0
2024/11/27,HV,3,5-7,1.873,50,,0.0,50,Y,74.0,370.0,100,370.0,270.0
2024/11/27,HV,5,5-9,1.877,50,,0.0,50,Y,,0.0,100,0.0,-100.0
2024/11/27,HV,6,10-11,1.855,50,,0.0,50,Y,,0.0,100,0.0,-100.0
2024/11/27,HV,7,8-9,1.875,50,,0.0,50,Y,,0.0,100,0.0,-100.0
2024/11/27,HV,9,3-12,1.878,50,,0.0,50,Y,626.5,3132.5,100,3132.5,3032.5
2024/12/01,ST,2,9-11,1.871,50,,0.0,50,Y,,0.0,100,0.0,-100.0
2024/12/01,ST,6,6-11,1.866,50,,0.0,50,Y,,0.0,100,0.0,-100.0
2024/12/01,ST,7,9-12,1.887,50,,0.0,50,Y,,0.0,100,0.0,-100.0
2024/12/01,ST,8,3-11,1.851,50,,0.0,50,Y,,0.0,100,0.0,-100.0
2024/12/01,ST,9,4-6,1.868,50,,0.0,50,Y,,0.0,100,0.0,-100.0
2024/12/01,ST,10,3-7,1.881,50,,0.0,50,Y,,0.0,100,0.0,-100.0
2024/12/04,HV,3,1-3,1.884,50,,0.0,50,Y,,0.0,100,0.0,-100.0
2024/12/04,HV,4,1-8,1.851,50,,0.0,50,Y,,0.0,100,0.0,-100.0
2024/12/04,HV,5,1-2,1.946,300,,0.0,300,Y,314.5,9435.0,600,9435.0,8835.0
2024/12/04,HV,6,1-10,1.876,50,,0.0,50,Y,,0.0,100,0.0,-100.0
2024/12/04,HV,7,5-12,1.88,50,261.5,1307.5,50,Y,86.5,432.5,100,1740.0,1640.0
2024/12/04,HV,9,1-3,1.883,50,444.0,2220.0,50,Y,143.0,715.0,100,2935.0,2835.0
2024/12/08,ST,1,11-13,1.884,50,,0.0,50,Y,,0.0,100,0.0,-100.0
2024/12/08,ST,2,7-8,1.875,50,,0.0,50,Y,,0.0,100,0.0,-100.0
2024/12/08,ST,3,4-14,1.933,300,4533.0,135990.0,300,Y,1204.0,36120.0,600,172110.0,171510.0
2024/12/08,ST,4,4-10,1.871,50,,0.0,50,Y,,0.0,100,0.0,-100.0
2024/12/08,ST,5,12-13,1.906,100,,0.0,100,Y,,0.0,200,0.0,-200.0
2024/12/08,ST,6,1-6,1.865,50,,0.0,50,Y,,0.0,100,0.0,-100.0
2024/12/08,ST,7,2-10,1.899,50,,0.0,50,Y,,0.0,100,0.0,-100.0
2024/12/08,ST,9,5-6,1.874,50,,0.0,50,Y,78.0,390.0,100,390.0,290.0
2024/12/08,ST,10,1-10,1.866,50,,0.0,50,Y,,0.0,100,0.0,-100.0
2024/12/11,HV,1,5-7,1.86,50,,0.0,50,Y,129.0,645.0,100,645.0,545.0
2024/12/11,HV,4,1-7,1.866,50,,0.0,50,Y,,0.0,100,0.0,-100.0
2024/12/11,HV,6,4-7,1.895,50,6363.5,31817.5,50,Y,1339.5,6697.5,100,38515.0,38415.0
2024/12/15,ST,2,1-4,1.867,50,,0.0,50,Y,,0.0,100,0.0,-100.0
2024/12/15,ST,3,5-10,1.906,100,,0.0,100,Y,128.5,1285.0,200,1285.0,1085.0
2024/12/15,ST,4,5-6,1.852,50,,0.0,50,Y,,0.0,100,0.0,-100.0
2024/12/15,ST,5,1-5,1.862,50,,0.0,50,Y,,0.0,100,0.0,-100.0
2024/12/15,ST,6,7-10,1.874,50,,0.0,50,Y,,0.0,100,0.0,-100.0
2024/12/15,ST,7,3-5,1.851,50,,0.0,50,Y,136.0,680.0,100,680.0,580.0
2024/12/15,ST,8,5-7,1.858,50,,0.0,50,Y,,0.0,100,0.0,-100.0
2024/12/15,ST,9,7-12,1.863,50,,0.0,50,Y,41.0,205.0,100,205.0,105.0
2024/12/15,ST,10,4-11,1.864,50,,0.0,50,Y,,0.0,100,0.0,-100.0
2024/12/18,ST,3,3-7,1.851,50,,0.0,50,Y,,0.0,100,0.0,-100.0
2024/12/18,ST,5,6-13,1.868,50,263.5,1317.5,50,Y,80.5,402.5,100,1720.0,1620.0
2024/12/18,ST,6,3-6,1.879,50,,0.0,50,Y,,0.0,100,0.0,-100.0
2024/12/18,ST,7,9-11,1.852,50,,0.0,50,Y,,0.0,100,0.0,-100.0
2024/12/22,ST,3,3-4,1.856,50,,0.0,50,Y,,0.0,100,0.0,-100.0
2024/12/22,ST,4,7-11,1.882,50,,0.0,50,Y,,0.0,100,0.0,-100.0
2024/12/22,ST,5,5-12,1.874,50,,0.0,50,Y,,0.0,100,0.0,-100.0
2024/12/22,ST,7,11-14,1.892,50,,0.0,50,Y,,0.0,100,0.0,-100.0
2024/12/22,ST,8,1-14,1.886,50,,0.0,50,Y,,0.0,100,0.0,-100.0
2024/12/22,ST,10,9-10,1.855,50,,0.0,50,Y,,0.0,100,0.0,-100.0
2024/12/26,HV,4,4-8,1.895,50,,0.0,50,Y,,0.0,100,0.0,-100.0
2024/12/26,HV,6,3-6,1.882,50,,0.0,50,Y,,0.0,100,0.0,-100.0
2024/12/26,HV,8,1-3,1.94,300,,0.0,300,Y,,0.0,600,0.0,-600.0
2024/12/26,HV,9,5-7,1.86,50,,0.0,50,Y,,0.0,100,0.0,-100.0
2024/12/26,HV,10,1-4,1.885,50,,0.0,50,Y,,0.0,100,0.0,-100.0
2024/12/29,ST,1,1-14,1.854,50,,0.0,50,Y,108.0,540.0,100,540.0,440.0
2024/12/29,ST,3,5-9,1.861,50,,0.0,50,Y,43.5,217.5,100,217.5,117.5
2024/12/29,ST,4,2-9,1.915,100,,0.0,100,Y,,0.0,200,0.0,-200.0
2024/12/29,ST,5,7-9,1.876,50,,0.0,50,Y,,0.0,100,0.0,-100.0
2024/12/29,ST,7,2-14,1.902,100,,0.0,100,Y,,0.0,200,0.0,-200.0
2024/12/29,ST,8,5-6,1.868,50,,0.0,50,Y,453.5,2267.5,100,2267.5,2167.5
2024/12/29,ST,9,3-6,1.9,100,,0.0,100,Y,,0.0,200,0.0,-200.0
2024/12/29,ST,10,2-11,1.892,50,,0.0,50,Y,,0.0,100,0.0,-100.0
2025/01/01,ST,1,8-12,1.866,50,,0.0,50,Y,,0.0,100,0.0,-100.0
2025/01/01,ST,2,7-13,1.867,50,,0.0,50,Y,300.5,1502.5,100,1502.5,1402.5
2025/01/01,ST,4,1-2,1.857,50,,0.0,0.0,N,,0.0,50.0,0.0,-50.0
2025/01/01,ST,5,1-8,1.888,50,,0.0,50,Y,,0.0,100,0.0,-100.0
2025/01/01,ST,6,5-6,1.889,50,,0.0,50,Y,,0.0,100,0.0,-100.0
2025/01/01,ST,7,3-6,1.876,50,,0.0,50,Y,,0.0,100,0.0,-100.0
2025/01/01,ST,8,2-6,1.872,50,,0.0,50,Y,,0.0,100,0.0,-100.0
2025/01/01,ST,9,7-11,1.856,50,,0.0,50,Y,,0.0,100,0.0,-100.0
2025/01/01,ST,10,2-3,1.878,50,,0.0,50,Y,,0.0,100,0.0,-100.0
2025/01/01,ST,11,5-9,1.87,50,,0.0,50,Y,44.5,222.5,100,222.5,122.5
2025/01/05,ST,1,5-7,1.888,50,,0.0,50,Y,,0.0,100,0.0,-100.0
2025/01/05,ST,6,1-14,1.897,50,,0.0,50,Y,156.5,782.5,100,782.5,682.5
2025/01/05,ST,7,1-6,1.901,100,,0.0,100,Y,272.5,2725.0,200,2725.0,2525.0
2025/01/05,ST,8,1-7,1.902,100,,0.0,100,Y,,0.0,200,0.0,-200.0
2025/01/05,ST,9,2-7,1.867,50,,0.0,50,Y,,0.0,100,0.0,-100.0
2025/01/05,ST,10,3-13,1.892,50,,0.0,50,Y,,0.0,100,0.0,-100.0
2025/01/08,HV,1,3-10,1.851,50,825.0,4125.0,50,Y,241.0,1205.0,100,5330.0,5230.0
2025/01/08,HV,2,9-12,1.868,50,,0.0,50,Y,,0.0,100,0.0,-100.0
2025/01/08,HV,4,2-6,1.889,50,,0.0,50,Y,,0.0,100,0.0,-100.0
2025/01/08,HV,5,2-6,1.86,50,,0.0,50,Y,,0.0,100,0.0,-100.0
2025/01/08,HV,8,8-9,1.869,50,,0.0,50,Y,,0.0,100,0.0,-100.0
2025/01/12,ST,2,4-7,1.908,100,,0.0,100,Y,,0.0,200,0.0,-200.0
2025/01/12,ST,3,3-4,1.851,50,,0.0,50,Y,,0.0,100,0.0,-100.0
2025/01/12,ST,5,7-12,1.886,50,,0.0,50,Y,,0.0,100,0.0,-100.0
2025/01/12,ST,6,6-9,1.856,50,,0.0,50,Y,,0.0,100,0.0,-100.0
2025/01/12,ST,7,4-6,1.907,100,72.0,720.0,100,Y,29.0,290.0,200,1010.0,810.0
2025/01/12,ST,8,1-4,1.863,50,,0.0,50,Y,79.5,397.5,100,397.5,297.5
2025/01/12,ST,9,9-14,1.89,50,,0.0,50,Y,,0.0,100,0.0,-100.0
2025/01/15,HV,1,6-8,1.88,50,,0.0,50,Y,174.5,872.5,100,872.5,772.5
2025/01/15,HV,2,2-9,1.893,50,,0.0,50,Y,54.5,272.5,100,272.5,172.5
2025/01/15,HV,4,5-9,1.862,50,,0.0,50,Y,,0.0,100,0.0,-100.0
2025/01/15,HV,5,1-11,1.864,50,,0.0,50,Y,,0.0,100,0.0,-100.0
2025/01/15,HV,6,1-12,1.876,50,,0.0,50,Y,,0.0,100,0.0,-100.0
2025/01/15,HV,7,5-6,1.888,50,,0.0,50,Y,,0.0,100,0.0,-100.0
2025/01/15,HV,9,4-11,1.861,50,,0.0,50,Y,,0.0,100,0.0,-100.0
2025/01/19,ST,1,3-12,1.879,50,,0.0,50,Y,,0.0,100,0.0,-100.0
2025/01/19,ST,2,1-3,1.857,50,,0.0,50,Y,,0.0,100,0.0,-100.0
2025/01/19,ST,3,2-6,1.872,50,,0.0,50,Y,,0.0,100,0.0,-100.0
2025/01/19,ST,4,6-10,1.88,50,,0.0,50,Y,71.0,355.0,100,355.0,255.0
2025/01/19,ST,5,9-14,1.901,100,,0.0,100,Y,,0.0,200,0.0,-200.0
2025/01/19,ST,7,1-9,1.888,50,,0.0,50,Y,,0.0,100,0.0,-100.0
2025/01/19,ST,8,1-8,1.888,50,,0.0,50,Y,,0.0,100,0.0,-100.0
2025/01/19,ST,10,4-11,1.874,50,808.5,4042.5,50,Y,230.5,1152.5,100,5195.0,5095.0
2025/01/22,HV,1,3-4,1.884,50,,0.0,50,Y,156.0,780.0,100,780.0,680.0
2025/01/22,HV,3,5-7,1.878,50,,0.0,50,Y,69.5,347.5,100,347.5,247.5
2025/01/22,HV,4,4-7,1.856,50,,0.0,50,Y,140.5,702.5,100,702.5,602.5
2025/01/22,HV,6,7-10,1.881,50,,0.0,50,Y,,0.0,100,0.0,-100.0
2025/01/22,HV,7,4-8,1.866,50,,0.0,50,Y,,0.0,100,0.0,-100.0
2025/01/22,HV,9,3-12,1.87,50,,0.0,50,Y,,0.0,100,0.0,-100.0
2025/01/26,ST,6,2-7,1.902,100,199.5,1995.0,100,Y,68.5,685.0,200,2680.0,2480.0
2025/01/26,ST,7,2-5,1.86,50,,0.0,50,Y,77.0,385.0,100,385.0,285.0
2025/01/26,ST,8,5-7,1.913,100,,0.0,100,Y,173.5,1735.0,200,1735.0,1535.0
2025/01/26,ST,10,5-12,1.86,50,,0.0,50,Y,,0.0,100,0.0,-100.0
2025/01/26,ST,11,5-8,1.86,50,,0.0,50,Y,,0.0,100,0.0,-100.0
2025/01/31,ST,1,7-8,1.928,300,,0.0,300,Y,,0.0,600,0.0,-600.0
2025/01/31,ST,2,4-9,1.86,50,,0.0,50,Y,,0.0,100,0.0,-100.0
2025/01/31,ST,5,1-6,1.906,100,,0.0,100,Y,98.0,980.0,200,980.0,780.0
2025/01/31,ST,7,1-9,1.865,50,,0.0,50,Y,,0.0,100,0.0,-100.0
2025/01/31,ST,8,1-4,1.902,100,,0.0,100,Y,,0.0,200,0.0,-200.0
2025/01/31,ST,9,2-11,1.913,100,,0.0,100,Y,158.5,1585.0,200,1585.0,1385.0
2025/01/31,ST,11,3-6,1.911,100,,0.0,100,Y,,0.0,200,0.0,-200.0
2025/02/05,HV,2,2-4,1.881,50,,0.0,50,Y,,0.0,100,0.0,-100.0
2025/02/05,HV,6,4-5,1.876,50,,0.0,50,Y,,0.0,100,0.0,-100.0
2025/02/05,HV,8,6-7,1.873,50,,0.0,50,Y,218.5,1092.5,100,1092.5,992.5
2025/02/09,ST,1,6-13,1.876,50,,0.0,50,Y,100.5,502.5,100,502.5,402.5
2025/02/09,ST,5,8-12,1.881,50,,0.0,50,Y,,0.0,100,0.0,-100.0
2025/02/09,ST,6,11-12,1.856,50,,0.0,50,Y,,0.0,100,0.0,-100.0
2025/02/09,ST,7,6-11,1.915,100,,0.0,100,Y,,0.0,200,0.0,-200.0
2025/02/09,ST,8,3-4,1.87,50,,0.0,50,Y,,0.0,100,0.0,-100.0
2025/02/09,ST,9,11-13,1.927,300,,0.0,300,Y,,0.0,600,0.0,-600.0
2025/02/09,ST,10,11-12,1.897,50,,0.0,50,Y,135.5,677.5,100,677.5,577.5
2025/02/09,ST,11,5-10,1.86,50,,0.0,50,Y,,0.0,100,0.0,-100.0
2025/02/12,ST,4,9-14,1.881,50,504.0,2520.0,50,Y,137.0,685.0,100,3205.0,3105.0
2025/02/12,ST,5,6-12,1.867,50,,0.0,50,Y,,0.0,100,0.0,-100.0
2025/02/12,ST,7,4-8,1.89,50,,0.0,50,Y,21.0,105.0,100,105.0,5.0
2025/02/12,ST,9,2-11,1.893,50,,0.0,50,Y,,0.0,100,0.0,-100.0
2025/02/16,ST,1,8-12,1.873,50,,0.0,50,Y,,0.0,100,0.0,-100.0
2025/02/16,ST,4,2-3,1.85,50,,0.0,50,Y,,0.0,100,0.0,-100.0
2025/02/16,ST,5,7-10,1.913,100,,0.0,100,Y,,0.0,200,0.0,-200.0
2025/02/16,ST,7,4-9,1.882,50,,0.0,50,Y,,0.0,100,0.0,-100.0
2025/02/16,ST,8,2-12,1.895,50,,0.0,50,Y,102.5,512.5,100,512.5,412.5
2025/02/16,ST,9,2-8,1.872,50,,0.0,50,Y,,0.0,100,0.0,-100.0
2025/02/16,ST,10,2-4,1.926,300,,0.0,300,Y,122.0,3660.0,600,3660.0,3060.0
2025/02/16,ST,11,5-14,1.918,100,,0.0,100,Y,,0.0,200,0.0,-200.0
2025/02/19,HV,2,8-12,1.89,50,,0.0,50,Y,,0.0,100,0.0,-100.0
2025/02/19,HV,3,7-11,1.851,50,973.0,4865.0,50,Y,297.0,1485.0,100,6350.0,6250.0
2025/02/19,HV,4,3-11,1.855,50,,0.0,50,Y,,0.0,100,0.0,-100.0
2025/02/19,HV,5,5-9,1.863,50,,0.0,50,Y,,0.0,100,0.0,-100.0
2025/02/19,HV,6,7-8,1.859,50,123.5,617.5,50,Y,45.5,227.5,100,845.0,745.0
2025/02/19,HV,8,4-5,1.882,50,,0.0,50,Y,,0.0,100,0.0,-100.0
2025/02/19,HV,9,3-9,1.878,50,,0.0,50,Y,,0.0,100,0.0,-100.0
2025/02/23,ST,1,3-14,1.896,50,,0.0,50,Y,1458.5,7292.5,100,7292.5,7192.5
2025/02/23,ST,2,1-3,1.869,50,,0.0,50,Y,40.5,202.5,100,202.5,102.5
2025/02/23,ST,3,1-3,1.927,300,,0.0,300,Y,,0.0,600,0.0,-600.0
2025/02/23,ST,4,12-14,1.857,50,,0.0,50,Y,,0.0,100,0.0,-100.0
2025/02/23,ST,5,4-5,1.908,100,,0.0,100,Y,95.0,950.0,200,950.0,750.0
2025/02/23,ST,6,4-7,1.854,50,,0.0,50,Y,,0.0,100,0.0,-100.0
2025/02/23,ST,7,1-3,1.86,50,,0.0,50,Y,26.0,130.0,100,130.0,30.0
2025/02/23,ST,8,5-6,1.895,50,,0.0,50,Y,,0.0,100,0.0,-100.0
2025/02/23,ST,9,1-14,1.884,50,,0.0,50,Y,,0.0,100,0.0,-100.0
2025/02/23,ST,10,2-6,1.919,100,,0.0,100,Y,,0.0,200,0.0,-200.0
2025/02/26,HV,1,3-4,1.902,100,68.5,685.0,0.0,N,,0.0,100.0,685.0,585.0
2025/02/26,HV,2,1-9,1.917,100,,0.0,100,Y,,0.0,200,0.0,-200.0
2025/02/26,HV,5,3-7,1.861,50,,0.0,50,Y,107.5,537.5,100,537.5,437.5
2025/02/26,HV,6,1-7,1.868,50,,0.0,50,Y,,0.0,100,0.0,-100.0
2025/02/26,HV,7,1-10,1.898,50,,0.0,50,Y,,0.0,100,0.0,-100.0
2025/02/26,HV,8,2-6,1.884,50,,0.0,50,Y,49.5,247.5,100,247.5,147.5
2025/03/02,ST,3,2-10,1.925,300,,0.0,300,Y,,0.0,600,0.0,-600.0
2025/03/02,ST,4,10-12,1.858,50,,0.0,50,Y,133.0,665.0,100,665.0,565.0
2025/03/02,ST,5,5-14,1.92,100,,0.0,100,Y,,0.0,200,0.0,-200.0
2025/03/02,ST,7,1-5,1.893,50,,0.0,50,Y,119.0,595.0,100,595.0,495.0
2025/03/02,ST,9,3-14,1.862,50,,0.0,50,Y,,0.0,100,0.0,-100.0
2025/03/02,ST,10,1-8,1.853,50,,0.0,50,Y,,0.0,100,0.0,-100.0
2025/03/05,HV,1,8-10,1.926,300,331.5,9945.0,300,Y,95.5,2865.0,600,12810.0,12210.0
2025/03/05,HV,3,4-8,1.857,50,,0.0,50,Y,95.5,477.5,100,477.5,377.5
2025/03/05,HV,4,2-3,1.869,50,,0.0,50,Y,,0.0,100,0.0,-100.0
2025/03/05,HV,6,5-8,1.875,50,,0.0,50,Y,,0.0,100,0.0,-100.0
2025/03/05,HV,7,2-10,1.916,100,,0.0,100,Y,,0.0,200,0.0,-200.0
2025/03/05,HV,8,1-10,1.952,300,,0.0,300,Y,42.5,1275.0,600,1275.0,675.0
2025/03/05,HV,9,4-5,1.904,100,85.5,855.0,100,Y,35.0,350.0,200,1205.0,1005.0
2025/03/09,ST,1,4-9,1.879,50,,0.0,50,Y,,0.0,100,0.0,-100.0
2025/03/09,ST,3,1-12,1.856,50,,0.0,50,Y,,0.0,100,0.0,-100.0
2025/03/09,ST,4,6-14,1.879,50,,0.0,50,Y,399.0,1995.0,100,1995.0,1895.0
2025/03/09,ST,5,2-8,1.909,100,,0.0,100,Y,89.0,890.0,200,890.0,690.0
2025/03/09,ST,6,5-6,1.865,50,,0.0,50,Y,,0.0,100,0.0,-100.0
2025/03/09,ST,8,6-7,1.905,100,,0.0,100,Y,54.0,540.0,200,540.0,340.0
2025/03/09,ST,10,1-3,1.929,300,,0.0,300,Y,,0.0,600,0.0,-600.0
2025/03/09,ST,11,3-5,1.886,50,,0.0,50,Y,,0.0,100,0.0,-100.0
2025/03/12,HV,1,7-11,1.869,50,,0.0,50,Y,112.0,560.0,100,560.0,460.0
2025/03/12,HV,2,5-11,1.856,50,,0.0,50,Y,56.5,282.5,100,282.5,182.5
2025/03/12,HV,3,1-6,1.852,50,,0.0,50,Y,,0.0,100,0.0,-100.0
2025/03/12,HV,6,4-10,1.863,50,,0.0,50,Y,,0.0,100,0.0,-100.0
2025/03/12,HV,9,5-7,1.88,50,,0.0,50,Y,,0.0,100,0.0,-100.0
2025/03/15,ST,2,4-5,1.867,50,,0.0,50,Y,51.5,257.5,100,257.5,157.5
2025/03/15,ST,3,11-12,1.877,50,,0.0,50,Y,4484.0,22420.0,100,22420.0,22320.0
2025/03/15,ST,5,4-9,1.861,50,,0.0,50,Y,,0.0,100,0.0,-100.0
2025/03/15,ST,6,2-3,1.906,100,,0.0,100,Y,,0.0,200,0.0,-200.0
2025/03/15,ST,8,3-9,1.917,100,,0.0,100,Y,,0.0,200,0.0,-200.0
2025/03/15,ST,9,4-5,1.878,50,,0.0,50,Y,205.0,1025.0,100,1025.0,925.0
2025/03/15,ST,10,8-9,1.859,50,,0.0,50,Y,,0.0,100,0.0,-100.0
2025/03/19,HV,2,1-3,1.858,50,,0.0,50,Y,59.5,297.5,100,297.5,197.5
2025/03/19,HV,3,1-4,1.862,50,613.5,3067.5,50,Y,194.5,972.5,100,4040.0,3940.0
2025/03/19,HV,4,3-12,1.859,50,,0.0,50,Y,,0.0,100,0.0,-100.0
2025/03/19,HV,5,3-8,1.866,50,,0.0,50,Y,,0.0,100,0.0,-100.0
2025/03/19,HV,6,4-10,1.867,50,,0.0,50,Y,50.0,250.0,100,250.0,150.0
2025/03/19,HV,7,2-10,1.889,50,,0.0,50,Y,56.0,280.0,100,280.0,180.0
2025/03/19,HV,8,1-4,1.869,50,,0.0,50,Y,,0.0,100,0.0,-100.0
2025/03/19,HV,9,1-3,1.902,100,,0.0,100,Y,,0.0,200,0.0,-200.0
2025/03/23,ST,2,3-5,1.919,100,,0.0,100,Y,22.0,220.0,200,220.0,20.0
2025/03/23,ST,3,3-7,1.877,50,317.5,1587.5,50,Y,105.0,525.0,100,2112.5,2012.5
2025/03/23,ST,5,4-9,1.896,50,152.5,762.5,50,Y,52.0,260.0,100,1022.5,922.5
2025/03/23,ST,6,2-4,1.908,100,,0.0,100,Y,,0.0,200,0.0,-200.0
2025/03/23,ST,7,6-9,1.921,300,,0.0,300,Y,295.0,8850.0,600,8850.0,8250.0
2025/03/23,ST,8,1-8,1.875,50,,0.0,50,Y,,0.0,100,0.0,-100.0
2025/03/23,ST,9,3-10,1.901,100,,0.0,100,Y,64.0,640.0,200,640.0,440.0
2025/03/23,ST,10,4-13,1.898,50,,0.0,50,Y,,0.0,100,0.0,-100.0
2025/03/26,ST,1,2-6,1.872,50,,0.0,50,Y,,0.0,100,0.0,-100.0
2025/03/26,ST,2,6-8,1.864,50,,0.0,50,Y,,0.0,100,0.0,-100.0
2025/03/26,ST,3,5-6,1.896,50,,0.0,50,Y,,0.0,100,0.0,-100.0
2025/03/26,ST,8,1-4,1.929,300,,0.0,300,Y,,0.0,600,0.0,-600.0
2025/03/26,ST,9,4-10,1.905,100,,0.0,100,Y,,0.0,200,0.0,-200.0
2025/03/30,ST,1,4-9,1.893,50,,0.0,50,Y,1001.0,5005.0,100,5005.0,4905.0
2025/03/30,ST,3,3-6,1.938,300,,0.0,300,Y,,0.0,600,0.0,-600.0
2025/03/30,ST,4,3-7,1.872,50,,0.0,50,Y,,0.0,100,0.0,-100.0
2025/03/30,ST,5,8-10,1.919,100,,0.0,100,Y,1286.5,12865.0,200,12865.0,12665.0
2025/03/30,ST,7,3-6,1.921,300,,0.0,300,Y,,0.0,600,0.0,-600.0
2025/03/30,ST,9,7-10,1.858,50,,0.0,50,Y,,0.0,100,0.0,-100.0
2025/03/30,ST,10,3-9,1.9,50,,0.0,50,Y,,0.0,100,0.0,-100.0
2025/04/02,HV,1,1-3,1.868,50,,0.0,50,Y,64.5,322.5,100,322.5,222.5
2025/04/02,HV,2,3-12,1.884,50,415.5,2077.5,50,Y,112.5,562.5,100,2640.0,2540.0
2025/04/02,HV,3,4-5,1.877,50,,0.0,50,Y,,0.0,100,0.0,-100.0
2025/04/02,HV,4,3-6,1.889,50,,0.0,50,Y,,0.0,100,0.0,-100.0
2025/04/02,HV,7,4-5,1.875,50,,0.0,50,Y,,0.0,100,0.0,-100.0
2025/04/02,HV,8,2-3,1.883,50,,0.0,50,Y,,0.0,100,0.0,-100.0
2025/04/06,ST,1,3-7,1.866,50,,0.0,50,Y,,0.0,100,0.0,-100.0
2025/04/06,ST,2,5-11,1.901,100,,0.0,100,Y,,0.0,200,0.0,-200.0
2025/04/06,ST,4,3-4,1.904,100,242.5,2425.0,100,Y,75.5,755.0,200,3180.0,2980.0
2025/04/06,ST,5,1-10,1.879,50,,0.0,50,Y,,0.0,100,0.0,-100.0
2025/04/06,ST,8,1-10,1.903,100,,0.0,100,Y,,0.0,200,0.0,-200.0
2025/04/06,ST,9,2-13,1.872,50,,0.0,50,Y,,0.0,100,0.0,-100.0
2025/04/06,ST,10,5-14,1.851,50,,0.0,50,Y,,0.0,100,0.0,-100.0
2025/04/09,HV,4,6-8,1.868,50,,0.0,50,Y,,0.0,100,0.0,-100.0
2025/04/09,HV,5,2-4,1.874,50,58.0,290.0,50,Y,24.0,120.0,100,410.0,310.0
2025/04/09,HV,6,3-10,1.894,50,,0.0,50,Y,,0.0,100,0.0,-100.0
2025/04/09,HV,7,3-5,1.859,50,,0.0,50,Y,,0.0,100,0.0,-100.0
2025/04/09,HV,9,5-9,1.88,50,,0.0,50,Y,,0.0,100,0.0,-100.0
2025/04/13,ST,3,10-11,1.861,50,,0.0,50,Y,,0.0,100,0.0,-100.0
2025/04/13,ST,4,1-4,1.87,50,72.5,362.5,50,Y,32.0,160.0,100,522.5,422.5
2025/04/13,ST,5,9-10,1.866,50,,0.0,50,Y,,0.0,100,0.0,-100.0
2025/04/13,ST,6,10-12,1.902,100,,0.0,100,Y,,0.0,200,0.0,-200.0
2025/04/13,ST,7,2-3,1.856,50,190.0,950.0,50,Y,72.0,360.0,100,1310.0,1210.0
2025/04/13,ST,10,2-9,1.897,50,,0.0,50,Y,,0.0,100,0.0,-100.0
2025/04/13,ST,11,4-9,1.893,50,,0.0,50,Y,,0.0,100,0.0,-100.0
2025/04/16,HV,2,9-11,1.856,50,,0.0,50,Y,,0.0,100,0.0,-100.0
2025/04/16,HV,4,7-8,1.878,50,,0.0,50,Y,,0.0,100,0.0,-100.0
2025/04/16,HV,5,2-6,1.901,100,,0.0,100,Y,,0.0,200,0.0,-200.0
2025/04/16,HV,6,1-7,1.887,50,,0.0,50,Y,,0.0,100,0.0,-100.0
2025/04/16,HV,8,6-8,1.877,50,,0.0,50,Y,620.0,3100.0,100,3100.0,3000.0
2025/04/16,HV,9,7-11,1.865,50,481.5,2407.5,50,Y,135.0,675.0,100,3082.5,2982.5
2025/04/20,ST,1,2-8,1.858,50,,0.0,50,Y,191.0,955.0,100,955.0,855.0
2025/04/20,ST,2,2-7,1.892,50,,0.0,50,Y,,0.0,100,0.0,-100.0
2025/04/20,ST,5,3-4,1.867,50,,0.0,50,Y,,0.0,100,0.0,-100.0
2025/04/20,ST,6,4-8,1.867,50,,0.0,50,Y,,0.0,100,0.0,-100.0
2025/04/20,ST,7,1-6,1.869,50,,0.0,50,Y,,0.0,100,0.0,-100.0
2025/04/20,ST,9,8-10,1.898,50,279.0,1395.0,50,Y,81.0,405.0,100,1800.0,1700.0
2025/04/20,ST,10,1-10,1.892,50,,0.0,50,Y,,0.0,100,0.0,-100.0
2025/04/23,HV,1,2-12,1.906,100,,0.0,100,Y,,0.0,200,0.0,-200.0
2025/04/23,HV,2,4-12,1.888,50,,0.0,50,Y,,0.0,100,0.0,-100.0
2025/04/23,HV,3,5-9,1.891,50,,0.0,50,Y,,0.0,100,0.0,-100.0
2025/04/23,HV,4,8-9,1.856,50,,0.0,50,Y,,0.0,100,0.0,-100.0
2025/04/23,HV,7,3-10,1.88,50,,0.0,50,Y,,0.0,100,0.0,-100.0
2025/04/23,HV,9,3-6,1.873,50,,0.0,50,Y,,0.0,100,0.0,-100.0
2025/04/27,ST,2,11-14,1.876,50,,0.0,50,Y,,0.0,100,0.0,-100.0
2025/04/27,ST,3,1-12,1.897,50,,0.0,50,Y,,0.0,100,0.0,-100.0
2025/04/27,ST,4,6-10,1.917,100,86.5,865.0,100,Y,34.0,340.0,200,1205.0,1005.0
2025/04/27,ST,5,2-6,1.91,100,,0.0,100,Y,58.5,585.0,200,585.0,385.0
2025/04/27,ST,6,4-5,1.903,100,,0.0,100,Y,40.0,400.0,200,400.0,200.0
2025/04/27,ST,7,2-13,1.902,100,,0.0,100,Y,106.5,1065.0,200,1065.0,865.0
2025/04/27,ST,8,2-4,1.969,300,,0.0,300,Y,294.0,8820.0,600,8820.0,8220.0
2025/04/27,ST,9,9-11,1.901,100,,0.0,100,Y,,0.0,200,0.0,-200.0
2025/04/27,ST,10,2-11,1.868,50,,0.0,50,Y,,0.0,100,0.0,-100.0
2025/04/30,HV,1,10-12,1.876,50,,0.0,50,Y,74.0,370.0,100,370.0,270.0
2025/04/30,HV,3,4-5,1.87,50,,0.0,50,Y,,0.0,100,0.0,-100.0
2025/04/30,HV,4,4-9,1.917,100,,0.0,100,Y,,0.0,200,0.0,-200.0
2025/04/30,HV,5,2-4,1.851,50,,0.0,50,Y,85.0,425.0,100,425.0,325.0
2025/04/30,HV,6,6-9,1.862,50,,0.0,50,Y,144.5,722.5,100,722.5,622.5
2025/04/30,HV,7,2-12,1.877,50,,0.0,50,Y,,0.0,100,0.0,-100.0
2025/04/30,HV,9,9-10,1.909,100,,0.0,100,Y,,0.0,200,0.0,-200.0
2025/05/04,ST,1,3-6,1.874,50,,0.0,50,Y,212.5,1062.5,100,1062.5,962.5
2025/05/04,ST,3,5-6,1.872,50,,0.0,50,Y,,0.0,100,0.0,-100.0
2025/05/04,ST,4,4-6,1.863,50,,0.0,50,Y,,0.0,100,0.0,-100.0
2025/05/04,ST,6,4-12,1.905,100,,0.0,100,Y,,0.0,200,0.0,-200.0
2025/05/04,ST,7,5-10,1.873,50,,0.0,50,Y,,0.0,100,0.0,-100.0
2025/05/04,ST,9,4-14,1.883,50,,0.0,50,Y,67.5,337.5,100,337.5,237.5
2025/05/04,ST,10,7-10,1.897,50,,0.0,50,Y,64.0,320.0,100,320.0,220.0
2025/05/04,ST,11,6-9,1.92,100,,0.0,100,Y,,0.0,200,0.0,-200.0
2025/05/07,HV,1,2-8,1.87,50,,0.0,50,Y,,0.0,100,0.0,-100.0
2025/05/07,HV,2,3-10,1.85,50,,0.0,50,Y,,0.0,100,0.0,-100.0
2025/05/07,HV,4,4-10,1.873,50,,0.0,50,Y,,0.0,100,0.0,-100.0
2025/05/07,HV,6,9-11,1.85,50,,0.0,50,Y,,0.0,100,0.0,-100.0
2025/05/07,HV,9,10-12,1.876,50,,0.0,50,Y,,0.0,100,0.0,-100.0
2025/05/10,ST,1,1-13,1.873,50,,0.0,50,Y,,0.0,100,0.0,-100.0
2025/05/10,ST,2,8-14,1.873,50,,0.0,50,Y,,0.0,100,0.0,-100.0
2025/05/10,ST,4,5-7,1.887,50,,0.0,50,Y,196.5,982.5,100,982.5,882.5
2025/05/10,ST,5,3-4,1.899,50,,0.0,50,Y,,0.0,100,0.0,-100.0
2025/05/10,ST,6,11-12,1.894,50,,0.0,50,Y,,0.0,100,0.0,-100.0
2025/05/10,ST,8,2-6,1.907,100,,0.0,100,Y,,0.0,200,0.0,-200.0
2025/05/10,ST,9,1-6,1.884,50,,0.0,50,Y,182.5,912.5,100,912.5,812.5
2025/05/10,ST,10,5-8,1.902,100,,0.0,100,Y,,0.0,200,0.0,-200.0
2025/05/14,HV,2,1-4,1.859,50,,0.0,50,Y,26.5,132.5,100,132.5,32.5
2025/05/14,HV,3,2-3,1.899,50,,0.0,50,Y,250.0,1250.0,100,1250.0,1150.0
2025/05/14,HV,4,4-6,1.887,50,,0.0,50,Y,50.0,250.0,100,250.0,150.0
2025/05/14,HV,5,3-7,1.901,100,,0.0,100,Y,277.5,2775.0,200,2775.0,2575.0
2025/05/14,HV,6,4-6,1.851,50,,0.0,50,Y,,0.0,100,0.0,-100.0
2025/05/14,HV,7,10-11,1.874,50,,0.0,50,Y,83.5,417.5,100,417.5,317.5
2025/05/14,HV,8,5-6,1.858,50,,0.0,50,Y,,0.0,100,0.0,-100.0
2025/05/14,HV,9,1-2,1.869,50,,0.0,50,Y,,0.0,100,0.0,-100.0
2025/05/18,ST,1,2-10,1.87,50,,0.0,50,Y,,0.0,100,0.0,-100.0
2025/05/18,ST,3,1-3,1.877,50,,0.0,50,Y,,0.0,100,0.0,-100.0
2025/05/18,ST,5,2-12,1.881,50,,0.0,50,Y,,0.0,100,0.0,-100.0
2025/05/18,ST,6,2-10,1.887,50,,0.0,50,Y,,0.0,100,0.0,-100.0
2025/05/18,ST,7,7-9,1.859,50,,0.0,50,Y,,0.0,100,0.0,-100.0
2025/05/18,ST,8,9-13,1.86,50,,0.0,50,Y,,0.0,100,0.0,-100.0
2025/05/18,ST,9,3-12,1.928,300,,0.0,300,Y,,0.0,600,0.0,-600.0
2025/05/21,HV,1,7-8,1.887,50,,0.0,50,Y,,0.0,100,0.0,-100.0
2025/05/21,HV,2,4-10,1.854,50,,0.0,50,Y,,0.0,100,0.0,-100.0
2025/05/21,HV,4,1-11,1.873,50,1477.5,7387.5,50,Y,371.5,1857.5,100,9245.0,9145.0
2025/05/21,HV,5,8-9,1.85,50,,0.0,50,Y,,0.0,100,0.0,-100.0
2025/05/21,HV,6,4-11,1.866,50,,0.0,50,Y,,0.0,100,0.0,-100.0
2025/05/21,HV,7,5-6,1.894,50,,0.0,50,Y,19.5,97.5,100,97.5,-2.5
2025/05/21,HV,8,4-8,1.876,50,,0.0,50,Y,,0.0,100,0.0,-100.0
2025/05/21,HV,9,1-3,1.88,50,,0.0,50,Y,,0.0,100,0.0,-100.0
2025/05/25,ST,2,3-10,1.891,50,,0.0,50,Y,,0.0,100,0.0,-100.0
2025/05/25,ST,4,2-4,1.881,50,,0.0,50,Y,,0.0,100,0.0,-100.0
2025/05/25,ST,5,5-7,1.855,50,,0.0,50,Y,,0.0,100,0.0,-100.0
2025/05/25,ST,7,5-14,1.892,50,,0.0,50,Y,,0.0,100,0.0,-100.0
2025/05/25,ST,8,1-3,1.894,50,,0.0,50,Y,44.5,222.5,100,222.5,122.5
2025/05/25,ST,10,6-7,1.9,100,,0.0,100,Y,,0.0,200,0.0,-200.0
2025/05/25,ST,11,7-12,1.859,50,,0.0,50,Y,,0.0,100,0.0,-100.0
2025/05/28,HV,1,1-10,1.881,50,519.0,2595.0,50,Y,181.5,907.5,100,3502.5,3402.5
2025/05/28,HV,2,1-5,1.867,50,,0.0,50,Y,,0.0,100,0.0,-100.0
2025/05/28,HV,3,9-12,1.894,50,,0.0,50,Y,,0.0,100,0.0,-100.0
2025/05/28,HV,6,3-9,1.856,50,,0.0,50,Y,,0.0,100,0.0,-100.0
2025/05/28,HV,8,2-3,1.866,50,,0.0,50,Y,115.0,575.0,100,575.0,475.0
2025/05/28,HV,9,4-6,1.877,50,,0.0,50,Y,,0.0,100,0.0,-100.0
2025/05/31,ST,1,4-14,1.868,50,,0.0,50,Y,,0.0,100,0.0,-100.0
2025/05/31,ST,4,1-10,1.903,100,,0.0,100,Y,,0.0,200,0.0,-200.0
2025/05/31,ST,5,1-7,1.866,50,89.5,447.5,50,Y,35.0,175.0,100,622.5,522.5
2025/05/31,ST,6,1-3,1.902,100,,0.0,100,Y,,0.0,200,0.0,-200.0
2025/05/31,ST,7,1-11,1.901,100,,0.0,100,Y,,0.0,200,0.0,-200.0
2025/05/31,ST,8,2-5,1.9,50,,0.0,50,Y,21.0,105.0,100,105.0,5.0
2025/05/31,ST,10,9-12,1.886,50,,0.0,50,Y,,0.0,100,0.0,-100.0
2025/05/31,ST,11,1-4,1.888,50,,0.0,50,Y,,0.0,100,0.0,-100.0
2025/06/04,HV,1,1-10,1.867,50,,0.0,50,Y,,0.0,100,0.0,-100.0
2025/06/04,HV,2,8-10,1.859,50,,0.0,50,Y,,0.0,100,0.0,-100.0
2025/06/04,HV,3,4-11,1.874,50,168.5,842.5,50,Y,62.5,312.5,100,1155.0,1055.0
2025/06/04,HV,4,3-10,1.858,50,,0.0,50,Y,,0.0,100,0.0,-100.0
2025/06/04,HV,6,4-6,1.855,50,,0.0,50,Y,,0.0,100,0.0,-100.0
2025/06/04,HV,7,2-6,1.856,50,,0.0,50,Y,,0.0,100,0.0,-100.0
2025/06/04,HV,8,1-9,1.912,100,245.5,2455.0,100,Y,96.5,965.0,200,3420.0,3220.0
2025/06/04,HV,9,6-10,1.861,50,,0.0,50,Y,,0.0,100,0.0,-100.0
2025/06/08,ST,3,5-8,1.868,50,,0.0,50,Y,,0.0,100,0.0,-100.0
2025/06/08,ST,4,3-8,1.899,50,,0.0,50,Y,,0.0,100,0.0,-100.0
2025/06/08,ST,6,2-5,1.852,50,,0.0,50,Y,,0.0,100,0.0,-100.0
2025/06/08,ST,7,6-8,1.862,50,,0.0,50,Y,,0.0,100,0.0,-100.0
2025/06/08,ST,8,1-4,1.856,50,148.5,742.5,50,Y,61.5,307.5,100,1050.0,950.0
2025/06/08,ST,10,1-7,1.891,50,,0.0,50,Y,,0.0,100,0.0,-100.0
2025/06/11,HV,2,2-9,1.865,50,,0.0,50,Y,501.5,2507.5,100,2507.5,2407.5
2025/06/11,HV,4,7-12,1.876,50,,0.0,50,Y,,0.0,100,0.0,-100.0
2025/06/11,HV,5,2-9,1.857,50,,0.0,50,Y,,0.0,100,0.0,-100.0
2025/06/11,HV,7,2-5,1.872,50,,0.0,50,Y,41.5,207.5,100,207.5,107.5
2025/06/11,HV,8,3-4,1.858,50,,0.0,50,Y,,0.0,100,0.0,-100.0
2025/06/11,HV,9,3-4,1.865,50,,0.0,50,Y,,0.0,100,0.0,-100.0
2025/06/14,ST,2,1-5,1.886,50,,0.0,50,Y,161.0,805.0,100,805.0,705.0
2025/06/14,ST,3,3-5,1.857,50,,0.0,50,Y,,0.0,100,0.0,-100.0
2025/06/14,ST,5,5-9,1.908,100,,0.0,100,Y,,0.0,200,0.0,-200.0
2025/06/14,ST,7,1-8,1.891,50,195.5,977.5,50,Y,76.5,382.5,100,1360.0,1260.0
2025/06/14,ST,8,1-3,1.894,50,115.5,577.5,50,Y,45.0,225.0,100,802.5,702.5
2025/06/14,ST,9,5-7,1.903,100,,0.0,100,Y,106.5,1065.0,200,1065.0,865.0
2025/06/14,ST,10,7-10,1.885,50,,0.0,50,Y,,0.0,100,0.0,-100.0
2025/06/22,ST,2,3-13,1.9,50,175.5,877.5,50,Y,64.5,322.5,100,1200.0,1100.0
2025/06/22,ST,3,10-14,1.854,50,,0.0,50,Y,,0.0,100,0.0,-100.0
2025/06/22,ST,4,4-11,1.873,50,,0.0,50,Y,,0.0,100,0.0,-100.0
2025/06/22,ST,6,6-7,1.933,300,,0.0,300,Y,100.0,3000.0,600,3000.0,2400.0
2025/06/22,ST,7,3-12,1.87,50,,0.0,50,Y,39.0,195.0,100,195.0,95.0
2025/06/22,ST,8,7-9,1.857,50,,0.0,50,Y,,0.0,100,0.0,-100.0
2025/06/22,ST,9,3-14,1.878,50,,0.0,50,Y,,0.0,100,0.0,-100.0
2025/06/22,ST,10,3-10,1.862,50,,0.0,50,Y,,0.0,100,0.0,-100.0
2025/06/22,ST,11,12-14,1.854,50,,0.0,50,Y,,0.0,100,0.0,-100.0
2025/06/25,HV,2,1-6,1.884,50,,0.0,50,Y,,0.0,100,0.0,-100.0
2025/06/25,HV,3,11-12,1.902,100,,0.0,100,Y,,0.0,200,0.0,-200.0
2025/06/25,HV,6,1-7,1.867,50,,0.0,50,Y,,0.0,100,0.0,-100.0
2025/06/25,HV,8,7-11,1.85,50,,0.0,50,Y,,0.0,100,0.0,-100.0
2025/06/25,HV,9,3-9,1.883,50,,0.0,50,Y,,0.0,100,0.0,-100.0
2025/06/28,ST,1,1-4,1.902,100,,0.0,100,Y,,0.0,200,0.0,-200.0
2025/06/28,ST,2,1-9,1.855,50,,0.0,50,Y,,0.0,100,0.0,-100.0
2025/06/28,ST,4,5-9,1.882,50,,0.0,50,Y,,0.0,100,0.0,-100.0
2025/06/28,ST,5,1-7,1.875,50,,0.0,50,Y,,0.0,100,0.0,-100.0
2025/06/28,ST,9,1-2,1.871,50,,0.0,50,Y,165.5,827.5,100,827.5,727.5
2025/06/28,ST,11,1-9,1.907,100,,0.0,100,Y,,0.0,200,0.0,-200.0
2025/07/01,ST,1,9-13,1.871,50,,0.0,50,Y,,0.0,100,0.0,-100.0
2025/07/01,ST,2,5-12,1.867,50,,0.0,50,Y,,0.0,100,0.0,-100.0
2025/07/01,ST,3,7-10,1.892,50,,0.0,50,Y,,0.0,100,0.0,-100.0
2025/07/01,ST,5,4-12,1.893,50,243.5,1217.5,50,Y,86.5,432.5,100,1650.0,1550.0
2025/07/01,ST,6,7-10,1.918,100,,0.0,100,Y,,0.0,200,0.0,-200.0
2025/07/01,ST,8,2-9,1.864,50,,0.0,50,Y,,0.0,100,0.0,-100.0
2025/07/01,ST,9,6-11,1.89,50,,0.0,50,Y,,0.0,100,0.0,-100.0
2025/07/01,ST,10,3-10,1.877,50,,0.0,50,Y,70.5,352.5,100,352.5,252.5
2025/07/05,ST,1,2-7,1.908,100,,0.0,100,Y,,0.0,200,0.0,-200.0
2025/07/05,ST,2,1-12,1.874,50,,0.0,50,Y,42.5,212.5,100,212.5,112.5
2025/07/05,ST,3,2-7,1.865,50,,0.0,50,Y,,0.0,100,0.0,-100.0
2025/07/05,ST,4,6-8,1.866,50,,0.0,50,Y,111.5,557.5,100,557.5,457.5
2025/07/05,ST,5,10-11,1.886,50,,0.0,50,Y,,0.0,100,0.0,-100.0
2025/07/05,ST,6,4-14,1.892,50,,0.0,50,Y,,0.0,100,0.0,-100.0
2025/07/05,ST,7,3-11,1.862,50,,0.0,50,Y,138.5,692.5,100,692.5,592.5
2025/07/05,ST,9,3-5,1.884,50,,0.0,50,Y,,0.0,100,0.0,-100.0
2025/07/05,ST,10,2-8,1.854,50,,0.0,50,Y,,0.0,100,0.0,-100.0
2025/07/05,ST,11,5-9,1.873,50,,0.0,50,Y,,0.0,100,0.0,-100.0
2025/07/09,HV,2,3-6,1.89,50,,0.0,50,Y,140.0,700.0,100,700.0,600.0
2025/07/09,HV,3,4-6,1.855,50,,0.0,50,Y,,0.0,100,0.0,-100.0
2025/07/09,HV,9,3-5,1.887,50,,0.0,50,Y,,0.0,100,0.0,-100.0
2025/07/13,ST,1,6-8,1.856,50,,0.0,50,Y,,0.0,100,0.0,-100.0
2025/07/13,ST,2,5-9,1.893,50,,0.0,50,Y,,0.0,100,0.0,-100.0
2025/07/13,ST,3,3-8,1.879,50,,0.0,50,Y,171.5,857.5,100,857.5,757.5
2025/07/13,ST,4,3-13,1.854,50,,0.0,50,Y,,0.0,100,0.0,-100.0
2025/07/13,ST,5,3-4,1.878,50,,0.0,50,Y,,0.0,100,0.0,-100.0
2025/07/13,ST,8,1-3,1.91,100,,0.0,100,Y,,0.0,200,0.0,-200.0
2025/07/13,ST,9,2-11,1.853,50,,0.0,50,Y,,0.0,100,0.0,-100.0
2025/07/13,ST,10,1-2,1.915,100,,0.0,100,Y,,0.0,200,0.0,-200.0
2025/07/13,ST,11,10-12,1.856,50,,0.0,50,Y,,0.0,100,0.0,-100.0
2025/07/16,HV,1,3-5,1.865,50,,0.0,50,Y,,0.0,100,0.0,-100.0
2025/07/16,HV,2,4-11,1.881,50,81.5,407.5,50,Y,33.0,165.0,100,572.5,472.5
2025/07/16,HV,5,3-7,1.868,50,,0.0,50,Y,74.0,370.0,100,370.0,270.0
2025/07/16,HV,7,8-9,1.866,50,,0.0,50,Y,280.5,1402.5,100,1402.5,1302.5
2025/09/07,ST,1,1-9,1.877,50,,0.0,50,Y,,0.0,100,0.0,-100.0
2025/09/07,ST,3,6-10,1.916,100,,0.0,100,Y,,0.0,200,0.0,-200.0
2025/09/07,ST,5,2-12,1.888,50,,0.0,50,Y,,0.0,100,0.0,-100.0
2025/09/07,ST,6,1-8,1.854,50,,0.0,50,Y,,0.0,100,0.0,-100.0
2025/09/07,ST,8,2-6,1.867,50,,0.0,50,Y,,0.0,100,0.0,-100.0
2025/09/10,HV,1,6-9,1.858,50,,0.0,50,Y,171.5,857.5,100,857.5,757.5
2025/09/10,HV,2,2-7,1.873,50,,0.0,50,Y,,0.0,100,0.0,-100.0
2025/09/10,HV,5,3-9,1.863,50,,0.0,50,Y,416.5,2082.5,100,2082.5,1982.5
2025/09/10,HV,6,1-9,1.875,50,,0.0,50,Y,,0.0,100,0.0,-100.0
2025/09/10,HV,7,3-10,1.857,50,,0.0,50,Y,,0.0,100,0.0,-100.0
2025/09/14,ST,2,5-14,1.861,50,,0.0,50,Y,,0.0,100,0.0,-100.0
2025/09/14,ST,3,6-7,1.876,50,,0.0,50,Y,,0.0,100,0.0,-100.0
2025/09/14,ST,4,2-11,1.914,100,,0.0,100,Y,,0.0,200,0.0,-200.0
2025/09/14,ST,5,10-11,1.94,300,,0.0,300,Y,,0.0,600,0.0,-600.0
2025/09/14,ST,6,1-12,1.898,50,,0.0,50,Y,716.5,3582.5,100,3582.5,3482.5
2025/09/17,HV,1,3-10,1.858,50,,0.0,50,Y,,0.0,100,0.0,-100.0
2025/09/17,HV,2,2-10,1.853,50,,0.0,50,Y,265.5,1327.5,100,1327.5,1227.5
2025/09/17,HV,3,2-5,1.85,50,,0.0,50,Y,,0.0,100,0.0,-100.0
2025/09/17,HV,4,6-9,1.863,50,,0.0,50,Y,,0.0,100,0.0,-100.0
2025/09/17,HV,5,3-11,1.868,50,,0.0,50,Y,106.0,530.0,100,530.0,430.0
2025/09/17,HV,6,3-11,1.873,50,,0.0,50,Y,,0.0,100,0.0,-100.0
2025/09/17,HV,8,3-4,1.918,100,,0.0,100,Y,,0.0,200,0.0,-200.0
2025/09/21,ST,3,3-6,1.901,100,,0.0,100,Y,,0.0,200,0.0,-200.0
2025/09/21,ST,5,5-14,1.896,50,,0.0,50,Y,,0.0,100,0.0,-100.0
2025/09/28,ST,2,5-12,1.879,50,,0.0,50,Y,,0.0,100,0.0,-100.0
2025/09/28,ST,4,2-8,1.863,50,,0.0,50,Y,96.5,482.5,100,482.5,382.5
2025/09/28,ST,5,2-7,1.872,50,,0.0,50,Y,,0.0,100,0.0,-100.0
2025/09/28,ST,6,2-12,1.875,50,,0.0,50,Y,,0.0,100,0.0,-100.0
2025/09/28,ST,9,3-4,1.89,50,,0.0,50,Y,,0.0,100,0.0,-100.0
2025/09/28,ST,10,2-4,1.891,50,,0.0,50,Y,,0.0,100,0.0,-100.0
2025/09/28,ST,11,7-9,1.911,100,,0.0,100,Y,,0.0,200,0.0,-200.0
2025/10/01,ST,1,5-11,1.869,50,,0.0,50,Y,,0.0,100,0.0,-100.0
2025/10/01,ST,2,3-14,1.856,50,,0.0,50,Y,53.0,265.0,100,265.0,165.0
2025/10/01,ST,3,1-9,1.875,50,,0.0,50,Y,,0.0,100,0.0,-100.0
2025/10/01,ST,5,4-13,1.864,50,,0.0,50,Y,36.0,180.0,100,180.0,80.0
2025/10/01,ST,7,2-3,1.863,50,,0.0,50,Y,,0.0,100,0.0,-100.0
2025/10/01,ST,8,1-3,1.883,50,,0.0,50,Y,135.5,677.5,100,677.5,577.5
2025/10/04,ST,1,7-8,1.852,50,,0.0,50,Y,,0.0,100,0.0,-100.0
2025/10/04,ST,2,4-11,1.861,50,,0.0,50,Y,,0.0,100,0.0,-100.0
2025/10/04,ST,3,4-6,1.891,50,,0.0,50,Y,603.0,3015.0,100,3015.0,2915.0
2025/10/04,ST,4,8-14,1.895,50,,0.0,50,Y,,0.0,100,0.0,-100.0
2025/10/04,ST,5,2-8,1.895,50,,0.0,50,Y,,0.0,100,0.0,-100.0
2025/10/04,ST,6,11-12,1.893,50,,0.0,50,Y,,0.0,100,0.0,-100.0
2025/10/04,ST,9,7-10,1.865,50,,0.0,50,Y,,0.0,100,0.0,-100.0
2025/10/04,ST,10,1-14,1.881,50,,0.0,50,Y,,0.0,100,0.0,-100.0
2025/10/08,HV,1,3-8,1.868,50,,0.0,50,Y,,0.0,100,0.0,-100.0
2025/10/08,HV,2,2-9,1.873,50,,0.0,50,Y,,0.0,100,0.0,-100.0
2025/10/12,ST,1,3-9,1.864,50,,0.0,50,Y,,0.0,100,0.0,-100.0
2025/10/12,ST,2,2-10,1.897,50,,0.0,50,Y,,0.0,100,0.0,-100.0
2025/10/12,ST,3,8-11,1.877,50,,0.0,50,Y,2282.0,11410.0,100,11410.0,11310.0
2025/10/12,ST,4,6-14,1.879,50,,0.0,50,Y,,0.0,100,0.0,-100.0
2025/10/12,ST,5,8-11,1.888,50,,0.0,50,Y,,0.0,100,0.0,-100.0
2025/10/12,ST,6,5-12,1.856,50,,0.0,50,Y,,0.0,100,0.0,-100.0
2025/10/12,ST,8,1-10,1.854,50,,0.0,50,Y,,0.0,100,0.0,-100.0
2025/10/12,ST,9,1-6,1.891,50,,0.0,50,Y,715.0,3575.0,100,3575.0,3475.0
2025/10/12,ST,10,2-9,1.87,50,,0.0,50,Y,270.5,1352.5,100,1352.5,1252.5
2025/10/15,HV,1,2-7,1.906,100,,0.0,100,Y,,0.0,200,0.0,-200.0
2025/10/15,HV,2,1-9,1.891,50,,0.0,50,Y,,0.0,100,0.0,-100.0
2025/10/15,HV,5,6-11,1.915,100,,0.0,100,Y,,0.0,200,0.0,-200.0
2025/10/15,HV,7,3-5,1.893,50,,0.0,50,Y,,0.0,100,0.0,-100.0
2025/10/15,HV,9,6-9,1.897,50,,0.0,50,Y,73.0,365.0,100,365.0,265.0
2025/10/19,ST,1,4-14,1.868,50,,0.0,50,Y,,0.0,100,0.0,-100.0
2025/10/19,ST,2,9-10,1.877,50,,0.0,50,Y,,0.0,100,0.0,-100.0
2025/10/19,ST,5,2-12,1.858,50,,0.0,50,Y,,0.0,100,0.0,-100.0
2025/10/19,ST,7,7-10,1.873,50,,0.0,50,Y,,0.0,100,0.0,-100.0
2025/10/19,ST,8,4-6,1.863,50,,0.0,50,Y,56.0,280.0,100,280.0,180.0
2025/10/19,ST,9,5-8,1.918,100,,0.0,100,Y,,0.0,200,0.0,-200.0
2025/10/19,ST,10,2-4,1.889,50,,0.0,50,Y,,0.0,100,0.0,-100.0
2025/10/22,HV,4,1-10,1.921,300,,0.0,300,Y,,0.0,600,0.0,-600.0
2025/10/22,HV,7,1-7,1.872,50,,0.0,50,Y,,0.0,100,0.0,-100.0
2025/10/22,HV,9,5-9,1.874,50,,0.0,50,Y,,0.0,100,0.0,-100.0
2025/10/26,ST,1,9-10,1.87,50,547.5,2737.5,50,Y,197.0,985.0,100,3722.5,3622.5
2025/10/26,ST,2,8-14,1.877,50,,0.0,50,Y,,0.0,100,0.0,-100.0
2025/10/26,ST,3,1-3,1.871,50,,0.0,50,Y,74.0,370.0,100,370.0,270.0
2025/10/26,ST,4,6-12,1.902,100,,0.0,100,Y,,0.0,200,0.0,-200.0
2025/10/26,ST,5,4-5,1.863,50,,0.0,50,Y,448.5,2242.5,100,2242.5,2142.5
2025/10/26,ST,6,10-13,1.887,50,,0.0,50,Y,,0.0,100,0.0,-100.0
2025/10/26,ST,7,1-9,1.877,50,,0.0,50,Y,,0.0,100,0.0,-100.0
2025/10/26,ST,8,5-9,1.894,50,,0.0,50,Y,,0.0,100,0.0,-100.0
2025/10/26,ST,9,1-4,1.85,50,,0.0,50,Y,,0.0,100,0.0,-100.0
2025/10/26,ST,10,3-5,1.915,100,,0.0,100,Y,262.0,2620.0,200,2620.0,2420.0
2025/10/30,ST,1,4-10,1.856,50,,0.0,50,Y,,0.0,100,0.0,-100.0
2025/10/30,ST,7,3-10,1.856,50,,0.0,50,Y,,0.0,100,0.0,-100.0
2025/11/02,HV,1,2-9,1.875,50,,0.0,50,Y,,0.0,100,0.0,-100.0
2025/11/02,HV,2,9-10,1.892,50,,0.0,50,Y,173.0,865.0,100,865.0,765.0
2025/11/02,HV,3,1-8,1.857,50,,0.0,50,Y,,0.0,100,0.0,-100.0
2025/11/02,HV,4,1-6,1.874,50,,0.0,50,Y,,0.0,100,0.0,-100.0
2025/11/02,HV,8,4-11,1.876,50,,0.0,50,Y,,0.0,100,0.0,-100.0
2025/11/02,HV,9,9-11,1.888,50,,0.0,50,Y,,0.0,100,0.0,-100.0
2025/11/05,HV,1,3-4,1.865,50,,0.0,50,Y,,0.0,100,0.0,-100.0
2025/11/05,HV,2,1-6,1.868,50,,0.0,50,Y,,0.0,100,0.0,-100.0
2025/11/05,HV,3,8-12,1.864,50,,0.0,50,Y,,0.0,100,0.0,-100.0
2025/11/05,HV,4,2-4,1.858,50,,0.0,50,Y,,0.0,100,0.0,-100.0
2025/11/05,HV,5,7-8,1.854,50,,0.0,50,Y,,0.0,100,0.0,-100.0
2025/11/05,HV,6,6-10,1.881,50,,0.0,50,Y,,0.0,100,0.0,-100.0
2025/11/05,HV,8,3-6,1.882,50,,0.0,50,Y,229.5,1147.5,100,1147.5,1047.5
2025/11/09,ST,4,11-14,1.885,50,,0.0,50,Y,,0.0,100,0.0,-100.0
2025/11/09,ST,7,5-14,1.901,100,,0.0,100,Y,454.0,4540.0,200,4540.0,4340.0
2025/11/09,ST,8,11-14,1.86,50,,0.0,50,Y,,0.0,100,0.0,-100.0
2025/11/09,ST,9,4-9,1.905,100,,0.0,100,Y,,0.0,200,0.0,-200.0
2025/11/09,ST,10,3-13,1.861,50,,0.0,50,Y,,0.0,100,0.0,-100.0
2025/11/12,HV,1,8-11,1.883,50,,0.0,50,Y,,0.0,100,0.0,-100.0
2025/11/12,HV,2,5-12,1.864,50,,0.0,50,Y,,0.0,100,0.0,-100.0
2025/11/12,HV,3,2-6,1.867,50,,0.0,50,Y,,0.0,100,0.0,-100.0
2025/11/12,HV,7,3-8,1.865,50,,0.0,50,Y,,0.0,100,0.0,-100.0
2025/11/12,HV,9,5-11,1.879,50,,0.0,50,Y,67.5,337.5,100,337.5,237.5
2025/11/15,ST,5,7-10,1.877,50,,0.0,50,Y,,0.0,100,0.0,-100.0
2025/11/15,ST,6,10-14,1.851,50,,0.0,50,Y,473.0,2365.0,100,2365.0,2265.0
2025/11/15,ST,9,4-11,1.857,50,,0.0,50,Y,,0.0,100,0.0,-100.0
2025/11/15,ST,10,4-14,1.855,50,,0.0,50,Y,,0.0,100,0.0,-100.0
2025/11/19,HV,6,3-5,1.863,50,,0.0,50,Y,,0.0,100,0.0,-100.0
2025/11/19,HV,8,4-9,1.864,50,,0.0,50,Y,61.5,307.5,100,307.5,207.5
2025/11/23,ST,2,2-12,1.859,50,,0.0,50,Y,,0.0,100,0.0,-100.0
2025/11/23,ST,3,2-12,1.865,50,,0.0,50,Y,,0.0,100,0.0,-100.0
2025/11/23,ST,4,7-11,1.86,50,266.0,1330.0,50,Y,101.0,505.0,100,1835.0,1735.0
2025/11/23,ST,5,3-7,1.872,50,,0.0,50,Y,,0.0,100,0.0,-100.0
2025/11/23,ST,6,3-6,1.921,300,,0.0,300,Y,113.5,3405.0,600,3405.0,2805.0
2025/11/23,ST,7,9-11,1.877,50,,0.0,50,Y,,0.0,100,0.0,-100.0
2025/11/23,ST,8,1-9,1.887,50,,0.0,50,Y,119.5,597.5,100,597.5,497.5
2025/11/26,HV,4,3-7,1.874,50,,0.0,50,Y,,0.0,100,0.0,-100.0
2025/11/26,HV,5,6-8,1.858,50,,0.0,50,Y,,0.0,100,0.0,-100.0
2025/11/30,ST,2,8-9,1.872,50,,0.0,50,Y,,0.0,100,0.0,-100.0
2025/11/30,ST,5,5-13,1.861,50,,0.0,50,Y,106.5,532.5,100,532.5,432.5
2025/11/30,ST,6,5-10,1.886,50,,0.0,50,Y,,0.0,100,0.0,-100.0
2025/11/30,ST,7,2-4,1.859,50,,0.0,50,Y,40.5,202.5,100,202.5,102.5
2025/11/30,ST,9,6-10,1.881,50,,0.0,50,Y,,0.0,100,0.0,-100.0
2025/12/03,HV,1,1-5,1.875,50,,0.0,50,Y,,0.0,100,0.0,-100.0
2025/12/03,HV,3,3-11,1.877,50,,0.0,50,Y,,0.0,100,0.0,-100.0
2025/12/03,HV,4,1-2,1.853,50,,0.0,50,Y,,0.0,100,0.0,-100.0
2025/12/03,HV,5,1-12,1.862,50,,0.0,50,Y,,0.0,100,0.0,-100.0
2025/12/03,HV,8,3-5,1.862,50,,0.0,50,Y,,0.0,100,0.0,-100.0
2025/12/07,ST,4,5-10,1.87,50,,0.0,50,Y,349.5,1747.5,100,1747.5,1647.5
2025/12/07,ST,5,3-12,1.885,50,,0.0,50,Y,78.0,390.0,100,390.0,290.0
2025/12/07,ST,6,6-14,1.866,50,,0.0,50,Y,165.5,827.5,100,827.5,727.5
2025/12/07,ST,10,8-12,1.862,50,,0.0,50,Y,,0.0,100,0.0,-100.0
2025/12/10,HV,4,8-11,1.856,50,284.5,1422.5,50,Y,91.5,457.5,100,1880.0,1780.0
2025/12/10,HV,5,7-12,1.925,300,,0.0,300,Y,,0.0,600,0.0,-600.0
2025/12/10,HV,9,3-8,1.85,50,599.0,2995.0,50,Y,175.5,877.5,100,3872.5,3772.5
2025/12/14,ST,1,1-7,1.881,50,,0.0,50,Y,,0.0,100,0.0,-100.0
2025/12/14,ST,2,1-9,1.872,50,,0.0,50,Y,,0.0,100,0.0,-100.0
2025/12/14,ST,4,3-4,1.965,300,,0.0,300,Y,129.5,3885.0,600,3885.0,3285.0
2025/12/14,ST,5,6-10,1.901,100,,0.0,100,Y,314.0,3140.0,200,3140.0,2940.0
2025/12/14,ST,7,1-3,1.96,300,,0.0,300,Y,,0.0,600,0.0,-600.0
2025/12/14,ST,8,1-3,1.874,50,,0.0,50,Y,,0.0,100,0.0,-100.0
2025/12/14,ST,9,6-8,1.917,100,,0.0,100,Y,,0.0,200,0.0,-200.0
2025/12/14,ST,10,4-10,1.894,50,,0.0,50,Y,,0.0,100,0.0,-100.0
2025/12/17,HV,2,3-12,1.861,50,,0.0,50,Y,119.0,595.0,100,595.0,495.0
2025/12/17,HV,6,3-9,1.869,50,,0.0,50,Y,,0.0,100,0.0,-100.0
2025/12/17,HV,7,3-9,1.873,50,,0.0,50,Y,,0.0,100,0.0,-100.0
2025/12/20,ST,1,6-9,1.876,50,,0.0,50,Y,,0.0,100,0.0,-100.0
2025/12/20,ST,3,1-14,1.885,50,,0.0,50,Y,,0.0,100,0.0,-100.0
2025/12/20,ST,6,12-14,1.895,50,,0.0,50,Y,,0.0,100,0.0,-100.0
2025/12/20,ST,7,10-12,1.854,50,,0.0,50,Y,,0.0,100,0.0,-100.0
2025/12/20,ST,9,7-8,1.87,50,,0.0,50,Y,,0.0,100,0.0,-100.0
2025/12/20,ST,11,8-14,1.86,50,,0.0,50,Y,,0.0,100,0.0,-100.0
2025/12/27,ST,2,2-11,1.859,50,,0.0,50,Y,,0.0,100,0.0,-100.0
2025/12/27,ST,6,2-9,1.874,50,,0.0,50,Y,,0.0,100,0.0,-100.0
2026/01/01,ST,3,2-3,1.907,100,,0.0,100,Y,,0.0,200,0.0,-200.0
2026/01/01,ST,4,3-12,1.892,50,,0.0,50,Y,,0.0,100,0.0,-100.0
2026/01/01,ST,5,5-6,1.912,100,,0.0,100,Y,,0.0,200,0.0,-200.0
2026/01/01,ST,7,1-5,1.893,50,351.5,1757.5,50,Y,115.5,577.5,100,2335.0,2235.0
2026/01/01,ST,8,8-11,1.876,50,,0.0,50,Y,,0.0,100,0.0,-100.0
2026/01/01,ST,9,2-11,1.858,50,,0.0,50,Y,,0.0,100,0.0,-100.0
2026/01/01,ST,10,5-11,1.871,50,,0.0,50,Y,129.0,645.0,100,645.0,545.0
2026/01/04,ST,1,2-13,1.865,50,,0.0,50,Y,,0.0,100,0.0,-100.0
2026/01/04,ST,3,9-10,1.884,50,,0.0,50,Y,920.5,4602.5,100,4602.5,4502.5
2026/01/04,ST,4,8-9,1.851,50,,0.0,50,Y,,0.0,100,0.0,-100.0
2026/01/04,ST,6,1-11,1.862,50,,0.0,50,Y,,0.0,100,0.0,-100.0
2026/01/04,ST,8,4-6,1.889,50,,0.0,50,Y,,0.0,100,0.0,-100.0
2026/01/04,ST,10,3-8,1.853,50,105.0,525.0,50,Y,42.5,212.5,100,737.5,637.5
2026/01/04,ST,11,8-9,1.891,50,373.5,1867.5,50,Y,124.5,622.5,100,2490.0,2390.0
2026/01/07,HV,2,8-9,1.896,50,6246.5,31232.5,50,Y,1432.0,7160.0,100,38392.5,38292.5
2026/01/07,HV,8,10-11,1.861,50,,0.0,50,Y,,0.0,100,0.0,-100.0
2026/01/07,HV,9,5-11,1.865,50,,0.0,50,Y,,0.0,100,0.0,-100.0
2026/01/11,ST,1,2-7,1.869,50,,0.0,50,Y,,0.0,100,0.0,-100.0
2026/01/11,ST,4,5-11,1.854,50,,0.0,50,Y,,0.0,100,0.0,-100.0
2026/01/11,ST,7,4-9,1.881,50,,0.0,50,Y,,0.0,100,0.0,-100.0
2026/01/11,ST,8,7-8,1.871,50,,0.0,50,Y,,0.0,100,0.0,-100.0
2026/01/11,ST,9,1-2,1.87,50,,0.0,50,Y,,0.0,100,0.0,-100.0
2026/01/11,ST,11,8-13,1.859,50,,0.0,50,Y,,0.0,100,0.0,-100.0
2026/01/14,HV,1,3-6,1.867,50,3495.0,17475.0,50,Y,856.5,4282.5,100,21757.5,21657.5
2026/01/14,HV,3,1-8,1.857,50,,0.0,50,Y,,0.0,100,0.0,-100.0
2026/01/14,HV,9,6-8,1.866,50,,0.0,50,Y,,0.0,100,0.0,-100.0
2026/01/18,ST,6,3-6,1.895,50,,0.0,50,Y,,0.0,100,0.0,-100.0
2026/01/18,ST,7,2-12,1.889,50,,0.0,50,Y,,0.0,100,0.0,-100.0
2026/01/18,ST,8,2-3,1.902,100,,0.0,100,Y,,0.0,200,0.0,-200.0
2026/01/18,ST,9,4-10,1.876,50,,0.0,50,Y,,0.0,100,0.0,-100.0
2026/01/18,ST,10,1-3,1.875,50,,0.0,50,Y,,0.0,100,0.0,-100.0
2026/01/18,ST,11,1-5,1.906,100,1201.5,12015.0,100,Y,362.0,3620.0,200,15635.0,15435.0
2026/01/21,ST,3,10-11,1.86,50,,0.0,50,Y,,0.0,100,0.0,-100.0
2026/01/21,ST,6,3-6,1.876,50,,0.0,50,Y,,0.0,100,0.0,-100.0
2026/01/21,ST,7,1-8,1.854,50,,0.0,50,Y,,0.0,100,0.0,-100.0
2026/01/21,ST,8,6-9,1.865,50,126.5,632.5,50,Y,45.5,227.5,100,860.0,760.0
2026/01/21,ST,9,5-13,1.872,50,,0.0,50,Y,33.0,165.0,100,165.0,65.0
2026/01/25,ST,1,4-13,1.858,50,,0.0,50,Y,,0.0,100,0.0,-100.0
2026/01/25,ST,3,2-8,1.888,50,60.5,302.5,50,Y,24.0,120.0,100,422.5,322.5
2026/01/25,ST,6,3-4,1.893,50,,0.0,50,Y,,0.0,100,0.0,-100.0
2026/01/25,ST,7,2-9,1.9,100,,0.0,100,Y,,0.0,200,0.0,-200.0
2026/01/25,ST,9,2-4,1.873,50,,0.0,50,Y,,0.0,100,0.0,-100.0
2026/01/25,ST,10,3-4,1.895,50,36.0,180.0,50,Y,18.5,92.5,100,272.5,172.5
2026/01/25,ST,11,7-14,1.895,50,,0.0,50,Y,161.5,807.5,100,807.5,707.5
2026/01/28,HV,2,1-3,1.851,50,,0.0,50,Y,,0.0,100,0.0,-100.0
2026/01/28,HV,3,2-6,1.857,50,,0.0,50,Y,,0.0,100,0.0,-100.0
2026/01/28,HV,8,11-12,1.894,50,,0.0,50,Y,,0.0,100,0.0,-100.0
2026/01/28,HV,9,2-3,1.875,50,,0.0,50,Y,,0.0,100,0.0,-100.0
2026/02/01,ST,1,10-14,1.875,50,,0.0,50,Y,,0.0,100,0.0,-100.0
2026/02/01,ST,2,1-9,1.888,50,1072.0,5360.0,50,Y,324.5,1622.5,100,6982.5,6882.5
2026/02/01,ST,7,9-13,1.869,50,,0.0,50,Y,,0.0,100,0.0,-100.0
2026/02/01,ST,9,5-7,1.869,50,,0.0,50,Y,,0.0,100,0.0,-100.0
2026/02/01,ST,10,5-13,1.877,50,,0.0,50,Y,,0.0,100,0.0,-100.0
2026/02/01,ST,11,6-7,1.886,50,,0.0,50,Y,,0.0,100,0.0,-100.0
2026/02/04,HV,2,2-6,1.864,50,152.5,762.5,50,Y,58.5,292.5,100,1055.0,955.0
2026/02/04,HV,3,6-7,1.863,50,565.5,2827.5,50,Y,144.0,720.0,100,3547.5,3447.5
2026/02/04,HV,5,4-8,1.864,50,,0.0,50,Y,26.5,132.5,100,132.5,32.5
2026/02/08,ST,1,1-2,1.86,50,,0.0,50,Y,,0.0,100,0.0,-100.0
2026/02/08,ST,2,11-12,1.866,50,,0.0,50,Y,,0.0,100,0.0,-100.0
2026/02/08,ST,3,7-11,1.892,50,,0.0,50,Y,,0.0,100,0.0,-100.0
2026/02/08,ST,4,3-12,1.868,50,,0.0,50,Y,,0.0,100,0.0,-100.0
2026/02/08,ST,5,5-14,1.863,50,,0.0,50,Y,72.0,360.0,100,360.0,260.0
2026/02/08,ST,6,5-7,1.878,50,,0.0,50,Y,,0.0,100,0.0,-100.0
2026/02/08,ST,7,9-12,1.863,50,,0.0,50,Y,,0.0,100,0.0,-100.0
2026/02/08,ST,9,5-11,1.891,50,547.5,2737.5,50,Y,144.5,722.5,100,3460.0,3360.0
2026/02/08,ST,10,2-11,1.886,50,,0.0,50,Y,,0.0,100,0.0,-100.0
2026/02/08,ST,11,2-13,1.856,50,861.5,4307.5,50,Y,268.5,1342.5,100,5650.0,5550.0
2026/02/11,HV,6,1-3,1.861,50,,0.0,50,Y,,0.0,100,0.0,-100.0
2026/02/11,HV,9,1-3,1.882,50,,0.0,50,Y,,0.0,100,0.0,-100.0
2026/02/14,ST,1,3-9,1.903,100,,0.0,100,Y,,0.0,200,0.0,-200.0
2026/02/14,ST,2,11-14,1.862,50,,0.0,50,Y,,0.0,100,0.0,-100.0
2026/02/14,ST,4,1-12,1.882,50,,0.0,50,Y,,0.0,100,0.0,-100.0
2026/02/14,ST,7,1-6,1.856,50,,0.0,50,Y,,0.0,100,0.0,-100.0
2026/02/14,ST,8,5-11,1.857,50,,0.0,50,Y,,0.0,100,0.0,-100.0
2026/02/14,ST,10,3-4,1.9,50,,0.0,50,Y,,0.0,100,0.0,-100.0
2026/02/19,ST,1,11-13,1.887,50,,0.0,50,Y,,0.0,100,0.0,-100.0
2026/02/19,ST,2,1-3,1.883,50,,0.0,50,Y,,0.0,100,0.0,-100.0
2026/02/19,ST,4,6-12,1.868,50,,0.0,50,Y,,0.0,100,0.0,-100.0
2026/02/19,ST,6,1-5,1.874,50,,0.0,50,Y,,0.0,100,0.0,-100.0
2026/02/19,ST,8,1-13,1.871,50,,0.0,50,Y,,0.0,100,0.0,-100.0
2026/02/19,ST,9,4-8,1.86,50,,0.0,50,Y,,0.0,100,0.0,-100.0
2026/02/19,ST,11,1-4,1.893,50,,0.0,50,Y,,0.0,100,0.0,-100.0
